,index,year,country,happiness
0,0,2008,Afghanistan,3.7239999999999998
1,1,2008,Argentina,5.961
2,2,2008,Armenia,4.652
3,3,2008,Australia,7.254
4,4,2008,Austria,7.181
5,5,2008,Azerbaijan,4.817
6,6,2008,Bangladesh,5.052
7,7,2008,Belarus,5.462999999999999
8,8,2008,Belgium,7.117000000000001
9,9,2008,Benin,3.667
10,10,2008,Bolivia,5.297999999999999
11,11,2008,Botswana,5.4510000000000005
12,12,2008,Brazil,6.691
13,13,2008,Burkina Faso,3.846
14,14,2008,Burundi,3.563
15,15,2008,Cambodia,4.462
16,16,2008,Cameroon,4.292
17,17,2008,Canada,7.486000000000001
18,18,2008,Chad,4.632
19,19,2008,Chile,5.789
20,20,2008,China,4.846
21,21,2008,Colombia,6.167999999999999
22,22,2008,Congo (Brazzaville),3.82
23,23,2008,Costa Rica,6.851
24,24,2008,Denmark,7.971
25,25,2008,Djibouti,5.0089999999999995
26,26,2008,Dominican Republic,4.842
27,27,2008,Ecuador,5.297000000000001
28,28,2008,Egypt,4.632
29,29,2008,El Salvador,5.191
30,30,2008,Estonia,5.452000000000001
31,31,2008,Finland,7.671
32,32,2008,France,7.007999999999999
33,33,2008,Georgia,4.156000000000001
34,34,2008,Germany,6.522
35,35,2008,Ghana,4.965
36,36,2008,Guatemala,6.414
37,37,2008,Haiti,3.846
38,38,2008,Honduras,5.42
39,39,2008,Hong Kong S.A.R. of China,5.1370000000000005
40,40,2008,Iceland,6.888
41,41,2008,India,5.146
42,42,2008,Indonesia,4.815
43,43,2008,Iran,5.129
44,44,2008,Iraq,4.59
45,45,2008,Ireland,7.568
46,46,2008,Israel,7.261
47,47,2008,Italy,6.78
48,48,2008,Japan,5.9110000000000005
49,49,2008,Jordan,4.93
50,50,2008,Kazakhstan,5.886
51,51,2008,Kenya,4.015
52,52,2008,Kosovo,5.522
53,53,2008,Kyrgyzstan,4.737
54,54,2008,Laos,5.044
55,55,2008,Latvia,5.145
56,56,2008,Lebanon,4.595
57,57,2008,Liberia,4.221
58,58,2008,Lithuania,5.553999999999999
59,59,2008,Madagascar,4.64
60,60,2008,Malaysia,5.807
61,61,2008,Mali,4.115
62,62,2008,Mauritania,4.248
63,63,2008,Mexico,6.829
64,64,2008,Moldova,5.502999999999999
65,65,2008,Mongolia,4.493
66,66,2008,Mozambique,4.654
67,67,2008,Nepal,4.441
68,68,2008,Netherlands,7.631
69,69,2008,New Zealand,7.381
70,70,2008,Nicaragua,5.104
71,71,2008,Niger,4.236000000000001
72,72,2008,Nigeria,4.939
73,73,2008,Norway,7.632000000000001
74,74,2008,Pakistan,4.414
75,75,2008,Palestinian Territories,4.386
76,76,2008,Panama,6.931
77,77,2008,Paraguay,5.57
78,78,2008,Peru,5.129
79,79,2008,Philippines,4.5889999999999995
80,80,2008,Portugal,5.7170000000000005
81,81,2008,Russia,5.619
82,82,2008,Rwanda,4.363
83,83,2008,Saudi Arabia,6.811
84,84,2008,Senegal,4.683
85,85,2008,Sierra Leone,2.997
86,86,2008,Singapore,6.642
87,87,2008,South Africa,5.346
88,88,2008,South Korea,5.39
89,89,2008,Spain,7.294
90,90,2008,Sri Lanka,4.431
91,91,2008,Sweden,7.516
92,92,2008,Syria,5.3229999999999995
93,93,2008,Taiwan Province of China,5.547999999999999
94,94,2008,Tajikistan,5.064
95,95,2008,Tanzania,4.385
96,96,2008,Thailand,5.636
97,97,2008,Togo,2.8080000000000003
98,98,2008,Trinidad and Tobago,6.696000000000001
99,99,2008,Turkey,5.118
100,100,2008,Uganda,4.569
101,101,2008,Ukraine,5.172000000000001
102,102,2008,United Kingdom,6.986000000000001
103,103,2008,United States,7.28
104,104,2008,Uruguay,5.664
105,105,2008,Uzbekistan,5.311
106,106,2008,Venezuela,6.257999999999999
107,107,2008,Vietnam,5.48
108,108,2008,Zambia,4.73
109,109,2008,Zimbabwe,3.174
110,110,2009,Afghanistan,4.402
111,111,2009,Albania,5.485
112,112,2009,Argentina,6.4239999999999995
113,113,2009,Armenia,4.178
114,114,2009,Azerbaijan,4.574
115,115,2009,Bahrain,5.7010000000000005
116,116,2009,Bangladesh,5.083
117,117,2009,Belarus,5.564
118,118,2009,Bolivia,6.086
119,119,2009,Bosnia and Herzegovina,4.963
120,120,2009,Brazil,7.001
121,121,2009,Burundi,3.792
122,122,2009,Cambodia,4.111000000000001
123,123,2009,Cameroon,4.7410000000000005
124,124,2009,Canada,7.4879999999999995
125,125,2009,Chad,3.639
126,126,2009,Chile,6.494
127,127,2009,China,4.454
128,128,2009,Colombia,6.272
129,129,2009,Comoros,3.4760000000000004
130,130,2009,Congo (Kinshasa),3.984
131,131,2009,Costa Rica,7.615
132,132,2009,Croatia,5.433
133,133,2009,Cyprus,6.832999999999999
134,134,2009,Denmark,7.683
135,135,2009,Djibouti,4.906000000000001
136,136,2009,Dominican Republic,5.432
137,137,2009,Ecuador,6.022
138,138,2009,Egypt,5.066
139,139,2009,El Salvador,6.8389999999999995
140,140,2009,Estonia,5.138
141,141,2009,France,6.2829999999999995
142,142,2009,Georgia,3.801
143,143,2009,Germany,6.641
144,144,2009,Ghana,4.198
145,145,2009,Greece,6.039
146,146,2009,Guatemala,6.452000000000001
147,147,2009,Honduras,6.0329999999999995
148,148,2009,Hong Kong S.A.R. of China,5.397
149,149,2009,Hungary,4.895
150,150,2009,India,4.522
151,151,2009,Indonesia,5.472
152,152,2009,Iraq,4.775
153,153,2009,Ireland,7.046
154,154,2009,Israel,7.353
155,155,2009,Italy,6.334
156,156,2009,Ivory Coast,4.197
157,157,2009,Japan,5.845
158,158,2009,Jordan,6.0
159,159,2009,Kazakhstan,5.382999999999999
160,160,2009,Kenya,4.27
161,161,2009,Kosovo,5.891
162,162,2009,Kuwait,6.585
163,163,2009,Kyrgyzstan,5.069
164,164,2009,Latvia,4.669
165,165,2009,Lebanon,5.206
166,166,2009,Lithuania,5.4670000000000005
167,167,2009,Luxembourg,6.957999999999999
168,168,2009,Malawi,5.148
169,169,2009,Malaysia,5.385
170,170,2009,Mali,3.977
171,171,2009,Malta,6.327999999999999
172,172,2009,Mauritania,4.5
173,173,2009,Mexico,6.962999999999999
174,174,2009,Moldova,5.553999999999999
175,175,2009,Montenegro,4.801
176,176,2009,Nepal,4.917
177,177,2009,Nicaragua,5.353
178,178,2009,Niger,4.2669999999999995
179,179,2009,Nigeria,4.98
180,180,2009,North Macedonia,4.428
181,181,2009,Pakistan,5.207999999999999
182,182,2009,Palestinian Territories,4.47
183,183,2009,Panama,7.034
184,184,2009,Paraguay,5.5760000000000005
185,185,2009,Peru,5.519
186,186,2009,Philippines,4.88
187,187,2009,Poland,5.772
188,188,2009,Qatar,6.417999999999999
189,189,2009,Romania,5.367999999999999
190,190,2009,Russia,5.1579999999999995
191,191,2009,Rwanda,4.03
192,192,2009,Saudi Arabia,6.148
193,193,2009,Senegal,4.335
194,194,2009,Serbia,4.38
195,195,2009,Singapore,6.145
196,196,2009,Slovenia,5.83
197,197,2009,Somaliland region,4.9910000000000005
198,198,2009,South Africa,5.218
199,199,2009,South Korea,5.648
200,200,2009,Spain,6.199
201,201,2009,Sri Lanka,4.212
202,202,2009,Sudan,4.455
203,203,2009,Sweden,7.266
204,204,2009,Switzerland,7.525
205,205,2009,Syria,4.979
206,206,2009,Tajikistan,4.575
207,207,2009,Tanzania,3.408
208,208,2009,Thailand,5.476
209,209,2009,Tunisia,5.025
210,210,2009,Turkey,5.212999999999999
211,211,2009,Turkmenistan,6.568
212,212,2009,Uganda,4.612
213,213,2009,Ukraine,5.166
214,214,2009,United Arab Emirates,6.8660000000000005
215,215,2009,United Kingdom,6.907
216,216,2009,United States,7.1579999999999995
217,217,2009,Uruguay,6.296
218,218,2009,Uzbekistan,5.261
219,219,2009,Venezuela,7.189
220,220,2009,Vietnam,5.303999999999999
221,221,2009,Yemen,4.809
222,222,2009,Zambia,5.26
223,223,2009,Zimbabwe,4.056
224,224,2010,Afghanistan,4.758
225,225,2010,Albania,5.269
226,226,2010,Algeria,5.4639999999999995
227,227,2010,Argentina,6.441
228,228,2010,Armenia,4.368
229,229,2010,Australia,7.45
230,230,2010,Austria,7.303
231,231,2010,Azerbaijan,4.218999999999999
232,232,2010,Bahrain,5.937
233,233,2010,Bangladesh,4.8580000000000005
234,234,2010,Belarus,5.526
235,235,2010,Belgium,6.854
236,236,2010,Bolivia,5.781000000000001
237,237,2010,Bosnia and Herzegovina,4.669
238,238,2010,Botswana,3.553
239,239,2010,Brazil,6.837000000000001
240,240,2010,Bulgaria,3.912
241,241,2010,Burkina Faso,4.0360000000000005
242,242,2010,Cambodia,4.141
243,243,2010,Cameroon,4.553999999999999
244,244,2010,Canada,7.65
245,245,2010,Central African Republic,3.568
246,246,2010,Chad,3.7430000000000003
247,247,2010,Chile,6.636
248,248,2010,China,4.6530000000000005
249,249,2010,Colombia,6.4079999999999995
250,250,2010,Comoros,3.812
251,251,2010,Costa Rica,7.271
252,252,2010,Croatia,5.596
253,253,2010,Cyprus,6.3870000000000005
254,254,2010,Czech Republic,6.25
255,255,2010,Denmark,7.771
256,256,2010,Djibouti,5.006
257,257,2010,Dominican Republic,4.735
258,258,2010,Ecuador,5.837999999999999
259,259,2010,Egypt,4.669
260,260,2010,El Salvador,6.74
261,261,2010,Finland,7.393
262,262,2010,France,6.797999999999999
263,263,2010,Georgia,4.102
264,264,2010,Germany,6.725
265,265,2010,Ghana,4.606
266,266,2010,Greece,5.84
267,267,2010,Guatemala,6.29
268,268,2010,Haiti,3.766
269,269,2010,Honduras,5.8660000000000005
270,270,2010,Hong Kong S.A.R. of China,5.643
271,271,2010,Hungary,4.725
272,272,2010,India,4.989
273,273,2010,Indonesia,5.457000000000001
274,274,2010,Iraq,5.065
275,275,2010,Ireland,7.257000000000001
276,276,2010,Israel,7.359
277,277,2010,Italy,6.354
278,278,2010,Japan,6.057
279,279,2010,Jordan,5.57
280,280,2010,Kazakhstan,5.513999999999999
281,281,2010,Kenya,4.256
282,282,2010,Kosovo,5.1770000000000005
283,283,2010,Kuwait,6.797999999999999
284,284,2010,Kyrgyzstan,4.996
285,285,2010,Lebanon,5.032
286,286,2010,Liberia,4.196000000000001
287,287,2010,Lithuania,5.066
288,288,2010,Luxembourg,7.097
289,289,2010,Malaysia,5.58
290,290,2010,Mali,3.762
291,291,2010,Malta,5.774
292,292,2010,Mauritania,4.772
293,293,2010,Mexico,6.8020000000000005
294,294,2010,Moldova,5.59
295,295,2010,Mongolia,4.586
296,296,2010,Montenegro,5.455
297,297,2010,Morocco,4.383
298,298,2010,Nepal,4.35
299,299,2010,Netherlands,7.502000000000001
300,300,2010,New Zealand,7.224
301,301,2010,Nicaragua,5.687
302,302,2010,Niger,4.101
303,303,2010,Nigeria,4.76
304,304,2010,North Macedonia,4.18
305,305,2010,Pakistan,5.7860000000000005
306,306,2010,Palestinian Territories,4.703
307,307,2010,Panama,7.321000000000001
308,308,2010,Paraguay,5.841
309,309,2010,Peru,5.6129999999999995
310,310,2010,Philippines,4.942
311,311,2010,Poland,5.8870000000000005
312,312,2010,Portugal,5.095
313,313,2010,Qatar,6.85
314,314,2010,Romania,4.909
315,315,2010,Russia,5.385
316,316,2010,Saudi Arabia,6.307
317,317,2010,Senegal,4.372
318,318,2010,Serbia,4.461
319,319,2010,Sierra Leone,4.1339999999999995
320,320,2010,Singapore,6.531000000000001
321,321,2010,Slovakia,6.0520000000000005
322,322,2010,Slovenia,6.082999999999999
323,323,2010,Somaliland region,4.657
324,324,2010,South Africa,4.652
325,325,2010,South Korea,6.1160000000000005
326,326,2010,Spain,6.188
327,327,2010,Sri Lanka,3.977
328,328,2010,Sudan,4.435
329,329,2010,Sweden,7.496
330,330,2010,Syria,4.465
331,331,2010,Taiwan Province of China,6.229
332,332,2010,Tajikistan,4.381
333,333,2010,Tanzania,3.2289999999999996
334,334,2010,Thailand,6.2170000000000005
335,335,2010,Tunisia,5.131
336,336,2010,Turkey,5.49
337,337,2010,Uganda,4.1930000000000005
338,338,2010,Ukraine,5.058
339,339,2010,United Arab Emirates,7.097
340,340,2010,United Kingdom,7.029
341,341,2010,United States,7.164
342,342,2010,Uruguay,6.062
343,343,2010,Uzbekistan,5.095
344,344,2010,Venezuela,7.478
345,345,2010,Vietnam,5.296
346,346,2010,Yemen,4.35
347,347,2010,Zimbabwe,4.6819999999999995
348,348,2011,Afghanistan,3.832
349,349,2011,Albania,5.867000000000001
350,350,2011,Algeria,5.317
351,351,2011,Angola,5.5889999999999995
352,352,2011,Argentina,6.776
353,353,2011,Armenia,4.26
354,354,2011,Australia,7.406000000000001
355,355,2011,Austria,7.471
356,356,2011,Azerbaijan,4.68
357,357,2011,Bahrain,4.824
358,358,2011,Bangladesh,4.986000000000001
359,359,2011,Belarus,5.225
360,360,2011,Belgium,7.111000000000001
361,361,2011,Benin,3.87
362,362,2011,Bolivia,5.779
363,363,2011,Bosnia and Herzegovina,4.995
364,364,2011,Botswana,3.52
365,365,2011,Brazil,7.037999999999999
366,366,2011,Bulgaria,3.875
367,367,2011,Burkina Faso,4.785
368,368,2011,Burundi,3.7060000000000004
369,369,2011,Cambodia,4.1610000000000005
370,370,2011,Cameroon,4.434
371,371,2011,Canada,7.426
372,372,2011,Central African Republic,3.678
373,373,2011,Chad,4.393
374,374,2011,Chile,6.526
375,375,2011,China,5.037
376,376,2011,Colombia,6.4639999999999995
377,377,2011,Comoros,3.838
378,378,2011,Congo (Brazzaville),4.51
379,379,2011,Congo (Kinshasa),4.5169999999999995
380,380,2011,Costa Rica,7.229
381,381,2011,Croatia,5.385
382,382,2011,Cyprus,6.69
383,383,2011,Czech Republic,6.331
384,384,2011,Denmark,7.787999999999999
385,385,2011,Djibouti,4.369
386,386,2011,Dominican Republic,5.397
387,387,2011,Ecuador,5.795
388,388,2011,Egypt,4.1739999999999995
389,389,2011,El Salvador,4.7410000000000005
390,390,2011,Estonia,5.487
391,391,2011,Finland,7.354
392,392,2011,France,6.959
393,393,2011,Gabon,4.255
394,394,2011,Georgia,4.203
395,395,2011,Germany,6.621
396,396,2011,Ghana,5.608
397,397,2011,Greece,5.372000000000001
398,398,2011,Guatemala,5.742999999999999
399,399,2011,Guinea,4.045
400,400,2011,Haiti,4.845
401,401,2011,Honduras,4.961
402,402,2011,Hong Kong S.A.R. of China,5.474
403,403,2011,Hungary,4.918
404,404,2011,India,4.635
405,405,2011,Indonesia,5.172999999999999
406,406,2011,Iran,4.768
407,407,2011,Iraq,4.725
408,408,2011,Ireland,7.007000000000001
409,409,2011,Israel,7.433
410,410,2011,Italy,6.057
411,411,2011,Jamaica,5.374
412,412,2011,Japan,6.263
413,413,2011,Jordan,5.539
414,414,2011,Kazakhstan,5.736000000000001
415,415,2011,Kenya,4.405
416,416,2011,Kosovo,4.86
417,417,2011,Kuwait,6.377999999999999
418,418,2011,Kyrgyzstan,4.921
419,419,2011,Laos,4.704
420,420,2011,Latvia,4.967
421,421,2011,Lebanon,5.188
422,422,2011,Lesotho,4.898
423,423,2011,Lithuania,5.432
424,424,2011,Luxembourg,7.101
425,425,2011,Madagascar,4.381
426,426,2011,Malawi,3.946
427,427,2011,Malaysia,5.7860000000000005
428,428,2011,Mali,4.667
429,429,2011,Malta,6.155
430,430,2011,Mauritania,4.785
431,431,2011,Mauritius,5.477
432,432,2011,Mexico,6.91
433,433,2011,Moldova,5.792000000000001
434,434,2011,Mongolia,5.031000000000001
435,435,2011,Montenegro,5.223
436,436,2011,Morocco,5.085
437,437,2011,Mozambique,4.971
438,438,2011,Nepal,3.8089999999999997
439,439,2011,Netherlands,7.564
440,440,2011,New Zealand,7.191
441,441,2011,Nicaragua,5.386
442,442,2011,Niger,4.556
443,443,2011,North Macedonia,4.898
444,444,2011,Oman,6.853
445,445,2011,Pakistan,5.267
446,446,2011,Palestinian Territories,4.751
447,447,2011,Panama,7.247999999999999
448,448,2011,Paraguay,5.6770000000000005
449,449,2011,Peru,5.892
450,450,2011,Philippines,4.994
451,451,2011,Poland,5.646
452,452,2011,Portugal,5.22
453,453,2011,Qatar,6.5920000000000005
454,454,2011,Romania,5.023
455,455,2011,Russia,5.388999999999999
456,456,2011,Rwanda,4.0969999999999995
457,457,2011,Saudi Arabia,6.7
458,458,2011,Senegal,3.8339999999999996
459,459,2011,Serbia,4.815
460,460,2011,Sierra Leone,4.502
461,461,2011,Singapore,6.561
462,462,2011,Slovakia,5.945
463,463,2011,Slovenia,6.0360000000000005
464,464,2011,Somaliland region,4.931
465,465,2011,South Africa,4.931
466,466,2011,South Korea,6.947
467,467,2011,Spain,6.518
468,468,2011,Sri Lanka,4.181
469,469,2011,Sudan,4.314
470,470,2011,Swaziland,4.867
471,471,2011,Sweden,7.382000000000001
472,472,2011,Syria,4.038
473,473,2011,Taiwan Province of China,6.309
474,474,2011,Tajikistan,4.263
475,475,2011,Tanzania,4.074
476,476,2011,Thailand,6.664
477,477,2011,Togo,2.9360000000000004
478,478,2011,Trinidad and Tobago,6.519
479,479,2011,Tunisia,4.876
480,480,2011,Turkey,5.272
481,481,2011,Turkmenistan,5.792000000000001
482,482,2011,Uganda,4.8260000000000005
483,483,2011,Ukraine,5.083
484,484,2011,United Arab Emirates,7.119
485,485,2011,United Kingdom,6.869
486,486,2011,United States,7.115
487,487,2011,Uruguay,6.553999999999999
488,488,2011,Uzbekistan,5.739
489,489,2011,Venezuela,6.58
490,490,2011,Vietnam,5.767
491,491,2011,Yemen,3.7460000000000004
492,492,2011,Zambia,4.999
493,493,2011,Zimbabwe,4.846
494,494,2012,Afghanistan,3.783
495,495,2012,Albania,5.51
496,496,2012,Algeria,5.605
497,497,2012,Angola,4.36
498,498,2012,Argentina,6.468
499,499,2012,Armenia,4.32
500,500,2012,Australia,7.196000000000001
501,501,2012,Austria,7.401
502,502,2012,Azerbaijan,4.9110000000000005
503,503,2012,Bahrain,5.027
504,504,2012,Bangladesh,4.724
505,505,2012,Belarus,5.749
506,506,2012,Belgium,6.935
507,507,2012,Benin,3.193
508,508,2012,Bolivia,6.019
509,509,2012,Bosnia and Herzegovina,4.773
510,510,2012,Botswana,4.836
511,511,2012,Brazil,6.66
512,512,2012,Bulgaria,4.2219999999999995
513,513,2012,Burkina Faso,3.955
514,514,2012,Cambodia,3.8989999999999996
515,515,2012,Cameroon,4.245
516,516,2012,Canada,7.415
517,517,2012,Chad,4.033
518,518,2012,Chile,6.599
519,519,2012,China,5.095
520,520,2012,Colombia,6.375
521,521,2012,Comoros,3.9560000000000004
522,522,2012,Congo (Brazzaville),3.9189999999999996
523,523,2012,Congo (Kinshasa),4.638999999999999
524,524,2012,Costa Rica,7.272
525,525,2012,Croatia,6.028
526,526,2012,Cyprus,6.181
527,527,2012,Czech Republic,6.334
528,528,2012,Denmark,7.52
529,529,2012,Dominican Republic,4.753
530,530,2012,Ecuador,5.961
531,531,2012,Egypt,4.204
532,532,2012,El Salvador,5.934
533,533,2012,Estonia,5.364
534,534,2012,Ethiopia,4.561
535,535,2012,Finland,7.42
536,536,2012,France,6.649
537,537,2012,Gabon,3.972
538,538,2012,Georgia,4.254
539,539,2012,Germany,6.702000000000001
540,540,2012,Ghana,5.0569999999999995
541,541,2012,Greece,5.096
542,542,2012,Guatemala,5.856
543,543,2012,Guinea,3.6519999999999997
544,544,2012,Haiti,4.413
545,545,2012,Honduras,4.602
546,546,2012,Hong Kong S.A.R. of China,5.484
547,547,2012,Hungary,4.683
548,548,2012,Iceland,7.591
549,549,2012,India,4.72
550,550,2012,Indonesia,5.367999999999999
551,551,2012,Iran,4.609
552,552,2012,Iraq,4.66
553,553,2012,Ireland,6.965
554,554,2012,Israel,7.111000000000001
555,555,2012,Italy,5.8389999999999995
556,556,2012,Japan,5.968
557,557,2012,Jordan,5.132000000000001
558,558,2012,Kazakhstan,5.7589999999999995
559,559,2012,Kenya,4.547
560,560,2012,Kosovo,5.64
561,561,2012,Kuwait,6.221
562,562,2012,Kyrgyzstan,5.207999999999999
563,563,2012,Laos,4.876
564,564,2012,Latvia,5.125
565,565,2012,Lebanon,4.573
566,566,2012,Libya,5.754
567,567,2012,Lithuania,5.771
568,568,2012,Luxembourg,6.9639999999999995
569,569,2012,Madagascar,3.551
570,570,2012,Malawi,4.279
571,571,2012,Malaysia,5.914
572,572,2012,Mali,4.313
573,573,2012,Malta,5.962999999999999
574,574,2012,Mauritania,4.673
575,575,2012,Mexico,7.32
576,576,2012,Moldova,5.996
577,577,2012,Mongolia,4.885
578,578,2012,Montenegro,5.218999999999999
579,579,2012,Morocco,4.97
580,580,2012,Myanmar,4.439
581,581,2012,Nepal,4.2330000000000005
582,582,2012,Netherlands,7.471
583,583,2012,New Zealand,7.25
584,584,2012,Nicaragua,5.4479999999999995
585,585,2012,Niger,3.798
586,586,2012,Nigeria,5.492999999999999
587,587,2012,North Cyprus,5.462999999999999
588,588,2012,North Macedonia,4.64
589,589,2012,Norway,7.678
590,590,2012,Pakistan,5.132000000000001
591,591,2012,Palestinian Territories,4.647
592,592,2012,Panama,6.86
593,593,2012,Paraguay,5.82
594,594,2012,Peru,5.825
595,595,2012,Philippines,5.002
596,596,2012,Poland,5.876
597,597,2012,Portugal,4.994
598,598,2012,Qatar,6.611000000000001
599,599,2012,Romania,5.167000000000001
600,600,2012,Russia,5.621
601,601,2012,Rwanda,3.333
602,602,2012,Saudi Arabia,6.396
603,603,2012,Senegal,3.6689999999999996
604,604,2012,Serbia,5.155
605,605,2012,Slovakia,5.9110000000000005
606,606,2012,Slovenia,6.063
607,607,2012,Somaliland region,5.0569999999999995
608,608,2012,South Africa,5.1339999999999995
609,609,2012,South Korea,6.002999999999999
610,610,2012,Spain,6.291
611,611,2012,Sri Lanka,4.225
612,612,2012,Sudan,4.55
613,613,2012,Suriname,6.269
614,614,2012,Sweden,7.56
615,615,2012,Switzerland,7.776
616,616,2012,Syria,3.1639999999999997
617,617,2012,Taiwan Province of China,6.126
618,618,2012,Tajikistan,4.497
619,619,2012,Tanzania,4.007
620,620,2012,Thailand,6.3
621,621,2012,Tunisia,4.4639999999999995
622,622,2012,Turkey,5.309
623,623,2012,Turkmenistan,5.4639999999999995
624,624,2012,Uganda,4.309
625,625,2012,Ukraine,5.03
626,626,2012,United Arab Emirates,7.218
627,627,2012,United Kingdom,6.881
628,628,2012,United States,7.026
629,629,2012,Uruguay,6.45
630,630,2012,Uzbekistan,6.019
631,631,2012,Venezuela,7.067
632,632,2012,Vietnam,5.535
633,633,2012,Yemen,4.061
634,634,2012,Zambia,5.013
635,635,2012,Zimbabwe,4.955
636,636,2013,Afghanistan,3.572
637,637,2013,Albania,4.551
638,638,2013,Angola,3.937
639,639,2013,Argentina,6.582000000000001
640,640,2013,Armenia,4.277
641,641,2013,Australia,7.364
642,642,2013,Austria,7.499
643,643,2013,Azerbaijan,5.481
644,644,2013,Bahrain,6.69
645,645,2013,Bangladesh,4.66
646,646,2013,Belarus,5.876
647,647,2013,Belgium,7.104
648,648,2013,Benin,3.4789999999999996
649,649,2013,Bhutan,5.569
650,650,2013,Bolivia,5.767
651,651,2013,Bosnia and Herzegovina,5.124
652,652,2013,Botswana,4.128
653,653,2013,Brazil,7.14
654,654,2013,Bulgaria,3.9930000000000003
655,655,2013,Burkina Faso,3.326
656,656,2013,Cambodia,3.674
657,657,2013,Cameroon,4.271
658,658,2013,Canada,7.593999999999999
659,659,2013,Chad,3.508
660,660,2013,Chile,6.74
661,661,2013,China,5.2410000000000005
662,662,2013,Colombia,6.607
663,663,2013,Congo (Brazzaville),3.955
664,664,2013,Congo (Kinshasa),4.497
665,665,2013,Costa Rica,7.1579999999999995
666,666,2013,Croatia,5.885
667,667,2013,Cyprus,5.439
668,668,2013,Czech Republic,6.6979999999999995
669,669,2013,Denmark,7.5889999999999995
670,670,2013,Dominican Republic,5.016
671,671,2013,Ecuador,6.019
672,672,2013,Egypt,3.5589999999999997
673,673,2013,El Salvador,6.325
674,674,2013,Estonia,5.367000000000001
675,675,2013,Ethiopia,4.445
676,676,2013,Finland,7.445
677,677,2013,France,6.667000000000001
678,678,2013,Gabon,3.8
679,679,2013,Georgia,4.349
680,680,2013,Germany,6.965
681,681,2013,Ghana,4.965
682,682,2013,Greece,4.72
683,683,2013,Guatemala,5.985
684,684,2013,Guinea,3.9019999999999997
685,685,2013,Haiti,4.622
686,686,2013,Honduras,4.713
687,687,2013,Hungary,4.914
688,688,2013,Iceland,7.501
689,689,2013,India,4.428
690,690,2013,Indonesia,5.292000000000001
691,691,2013,Iran,5.14
692,692,2013,Iraq,4.725
693,693,2013,Ireland,6.76
694,694,2013,Israel,7.321000000000001
695,695,2013,Italy,6.0089999999999995
696,696,2013,Ivory Coast,3.739
697,697,2013,Jamaica,5.709
698,698,2013,Japan,5.959
699,699,2013,Jordan,5.172000000000001
700,700,2013,Kazakhstan,5.835
701,701,2013,Kenya,3.795
702,702,2013,Kosovo,6.126
703,703,2013,Kuwait,6.48
704,704,2013,Kyrgyzstan,5.402
705,705,2013,Latvia,5.07
706,706,2013,Lebanon,4.9830000000000005
707,707,2013,Lithuania,5.596
708,708,2013,Luxembourg,7.131
709,709,2013,Madagascar,3.8160000000000003
710,710,2013,Malawi,4.035
711,711,2013,Malaysia,5.77
712,712,2013,Mali,3.676
713,713,2013,Malta,6.38
714,714,2013,Mauritania,4.199
715,715,2013,Mexico,7.443
716,716,2013,Moldova,5.756
717,717,2013,Mongolia,4.913
718,718,2013,Montenegro,5.074
719,719,2013,Morocco,5.142
720,720,2013,Myanmar,4.176
721,721,2013,Nepal,4.605
722,722,2013,Netherlands,7.407
723,723,2013,New Zealand,7.28
724,724,2013,Nicaragua,5.772
725,725,2013,Niger,3.716
726,726,2013,Nigeria,4.8180000000000005
727,727,2013,North Cyprus,5.567
728,728,2013,North Macedonia,5.186
729,729,2013,Pakistan,5.138
730,730,2013,Palestinian Territories,4.843999999999999
731,731,2013,Panama,6.8660000000000005
732,732,2013,Paraguay,5.936
733,733,2013,Peru,5.7829999999999995
734,734,2013,Philippines,4.977
735,735,2013,Poland,5.746
736,736,2013,Portugal,5.1579999999999995
737,737,2013,Romania,5.082
738,738,2013,Russia,5.537000000000001
739,739,2013,Rwanda,3.466
740,740,2013,Saudi Arabia,6.495
741,741,2013,Senegal,3.647
742,742,2013,Serbia,5.102
743,743,2013,Sierra Leone,4.513999999999999
744,744,2013,Singapore,6.5329999999999995
745,745,2013,Slovakia,5.937
746,746,2013,Slovenia,5.975
747,747,2013,South Africa,3.661
748,748,2013,South Korea,5.959
749,749,2013,Spain,6.15
750,750,2013,Sri Lanka,4.365
751,751,2013,Sweden,7.434
752,752,2013,Syria,2.688
753,753,2013,Taiwan Province of China,6.34
754,754,2013,Tajikistan,4.967
755,755,2013,Tanzania,3.852
756,756,2013,Thailand,6.231
757,757,2013,Trinidad and Tobago,6.167999999999999
758,758,2013,Tunisia,5.246
759,759,2013,Turkey,4.888
760,760,2013,Turkmenistan,5.392
761,761,2013,Uganda,3.71
762,762,2013,Ukraine,4.711
763,763,2013,United Arab Emirates,6.621
764,764,2013,United Kingdom,6.917999999999999
765,765,2013,United States,7.249
766,766,2013,Uruguay,6.444
767,767,2013,Uzbekistan,5.94
768,768,2013,Venezuela,6.553
769,769,2013,Vietnam,5.023
770,770,2013,Yemen,4.218
771,771,2013,Zambia,5.244
772,772,2013,Zimbabwe,4.69
773,773,2014,Afghanistan,3.1310000000000002
774,774,2014,Albania,4.814
775,775,2014,Algeria,6.355
776,776,2014,Angola,3.795
777,777,2014,Argentina,6.671
778,778,2014,Armenia,4.453
779,779,2014,Australia,7.289
780,780,2014,Austria,6.95
781,781,2014,Azerbaijan,5.252000000000001
782,782,2014,Bahrain,6.165
783,783,2014,Bangladesh,4.636
784,784,2014,Belarus,5.812
785,785,2014,Belgium,6.855
786,786,2014,Belize,5.956
787,787,2014,Benin,3.347
788,788,2014,Bhutan,4.939
789,789,2014,Bolivia,5.865
790,790,2014,Bosnia and Herzegovina,5.249
791,791,2014,Botswana,4.031000000000001
792,792,2014,Brazil,6.981
793,793,2014,Bulgaria,4.438
794,794,2014,Burkina Faso,3.4810000000000003
795,795,2014,Burundi,2.905
796,796,2014,Cambodia,3.883
797,797,2014,Cameroon,4.24
798,798,2014,Canada,7.303999999999999
799,799,2014,Chad,3.46
800,800,2014,Chile,6.843999999999999
801,801,2014,China,5.196000000000001
802,802,2014,Colombia,6.449
803,803,2014,Congo (Brazzaville),4.056
804,804,2014,Congo (Kinshasa),4.414
805,805,2014,Costa Rica,7.247000000000001
806,806,2014,Croatia,5.381
807,807,2014,Cyprus,5.627000000000001
808,808,2014,Czech Republic,6.484
809,809,2014,Denmark,7.507999999999999
810,810,2014,Dominican Republic,5.3870000000000005
811,811,2014,Ecuador,5.946000000000001
812,812,2014,Egypt,4.885
813,813,2014,El Salvador,5.857
814,814,2014,Estonia,5.556
815,815,2014,Ethiopia,4.507
816,816,2014,Finland,7.385
817,817,2014,France,6.4670000000000005
818,818,2014,Gabon,3.918
819,819,2014,Georgia,4.288
820,820,2014,Germany,6.984
821,821,2014,Ghana,3.86
822,822,2014,Greece,4.756
823,823,2014,Guatemala,6.5360000000000005
824,824,2014,Guinea,3.412
825,825,2014,Haiti,3.889
826,826,2014,Honduras,5.056
827,827,2014,Hong Kong S.A.R. of China,5.457999999999999
828,828,2014,Hungary,5.181
829,829,2014,India,4.4239999999999995
830,830,2014,Indonesia,5.597
831,831,2014,Iran,4.6819999999999995
832,832,2014,Iraq,4.542
833,833,2014,Ireland,7.018
834,834,2014,Israel,7.401
835,835,2014,Italy,6.027
836,836,2014,Ivory Coast,3.57
837,837,2014,Jamaica,5.311
838,838,2014,Japan,5.922999999999999
839,839,2014,Jordan,5.332999999999999
840,840,2014,Kazakhstan,5.97
841,841,2014,Kenya,4.905
842,842,2014,Kosovo,5.0
843,843,2014,Kuwait,6.18
844,844,2014,Kyrgyzstan,5.252000000000001
845,845,2014,Latvia,5.729
846,846,2014,Lebanon,5.233
847,847,2014,Liberia,4.571000000000001
848,848,2014,Lithuania,6.126
849,849,2014,Luxembourg,6.891
850,850,2014,Madagascar,3.676
851,851,2014,Malawi,4.563
852,852,2014,Malaysia,5.962999999999999
853,853,2014,Mali,3.975
854,854,2014,Malta,6.452000000000001
855,855,2014,Mauritania,4.4830000000000005
856,856,2014,Mauritius,5.648
857,857,2014,Mexico,6.68
858,858,2014,Moldova,5.917000000000001
859,859,2014,Mongolia,4.825
860,860,2014,Montenegro,5.2829999999999995
861,861,2014,Myanmar,4.7860000000000005
862,862,2014,Namibia,4.574
863,863,2014,Nepal,4.975
864,864,2014,Netherlands,7.321000000000001
865,865,2014,New Zealand,7.306
866,866,2014,Nicaragua,6.275
867,867,2014,Niger,4.181
868,868,2014,North Cyprus,5.7860000000000005
869,869,2014,North Macedonia,5.204
870,870,2014,Norway,7.444
871,871,2014,Pakistan,5.436
872,872,2014,Palestinian Territories,4.7219999999999995
873,873,2014,Panama,6.631
874,874,2014,Paraguay,5.119
875,875,2014,Peru,5.8660000000000005
876,876,2014,Philippines,5.313
877,877,2014,Poland,5.75
878,878,2014,Portugal,5.127000000000001
879,879,2014,Romania,5.727
880,880,2014,Russia,6.037000000000001
881,881,2014,Rwanda,3.596
882,882,2014,Saudi Arabia,6.278
883,883,2014,Senegal,4.395
884,884,2014,Serbia,5.113
885,885,2014,Sierra Leone,4.5
886,886,2014,Singapore,7.062
887,887,2014,Slovakia,6.138999999999999
888,888,2014,Slovenia,5.678
889,889,2014,Somalia,5.528
890,890,2014,South Africa,4.828
891,891,2014,South Korea,5.801
892,892,2014,South Sudan,3.832
893,893,2014,Spain,6.456
894,894,2014,Sri Lanka,4.268
895,895,2014,Sudan,4.138999999999999
896,896,2014,Sweden,7.239
897,897,2014,Switzerland,7.492999999999999
898,898,2014,Taiwan Province of China,6.3629999999999995
899,899,2014,Tajikistan,4.896
900,900,2014,Tanzania,3.483
901,901,2014,Thailand,6.985
902,902,2014,Togo,2.839
903,903,2014,Tunisia,4.763999999999999
904,904,2014,Turkey,5.58
905,905,2014,Turkmenistan,5.787000000000001
906,906,2014,Uganda,3.77
907,907,2014,Ukraine,4.297
908,908,2014,United Arab Emirates,6.54
909,909,2014,United Kingdom,6.757999999999999
910,910,2014,United States,7.151
911,911,2014,Uruguay,6.561
912,912,2014,Uzbekistan,6.0489999999999995
913,913,2014,Venezuela,6.136
914,914,2014,Vietnam,5.085
915,915,2014,Yemen,3.968
916,916,2014,Zambia,4.346
917,917,2014,Zimbabwe,4.184
918,918,2015,Afghanistan,3.983
919,919,2015,Albania,4.607
920,920,2015,Argentina,6.697
921,921,2015,Armenia,4.348
922,922,2015,Australia,7.309
923,923,2015,Austria,7.0760000000000005
924,924,2015,Azerbaijan,5.147
925,925,2015,Bahrain,6.007000000000001
926,926,2015,Bangladesh,4.633
927,927,2015,Belarus,5.718999999999999
928,928,2015,Belgium,6.904
929,929,2015,Benin,3.625
930,930,2015,Bhutan,5.082
931,931,2015,Bolivia,5.834
932,932,2015,Bosnia and Herzegovina,5.117
933,933,2015,Botswana,3.762
934,934,2015,Brazil,6.547000000000001
935,935,2015,Bulgaria,4.865
936,936,2015,Burkina Faso,4.419
937,937,2015,Cambodia,4.162
938,938,2015,Cameroon,5.038
939,939,2015,Canada,7.412999999999999
940,940,2015,Chad,4.323
941,941,2015,Chile,6.5329999999999995
942,942,2015,China,5.303999999999999
943,943,2015,Colombia,6.388
944,944,2015,Congo (Brazzaville),4.691
945,945,2015,Congo (Kinshasa),3.903
946,946,2015,Costa Rica,6.854
947,947,2015,Croatia,5.205
948,948,2015,Cyprus,5.439
949,949,2015,Czech Republic,6.608
950,950,2015,Denmark,7.513999999999999
951,951,2015,Dominican Republic,5.062
952,952,2015,Ecuador,5.9639999999999995
953,953,2015,Egypt,4.763
954,954,2015,El Salvador,6.018
955,955,2015,Estonia,5.629
956,956,2015,Ethiopia,4.573
957,957,2015,Finland,7.4479999999999995
958,958,2015,France,6.358
959,959,2015,Gabon,4.6610000000000005
960,960,2015,Georgia,4.122
961,961,2015,Germany,7.037000000000001
962,962,2015,Ghana,3.986
963,963,2015,Greece,5.622999999999999
964,964,2015,Guatemala,6.465
965,965,2015,Guinea,3.505
966,966,2015,Haiti,3.57
967,967,2015,Honduras,4.845
968,968,2015,Hungary,5.343999999999999
969,969,2015,Iceland,7.497999999999999
970,970,2015,India,4.342
971,971,2015,Indonesia,5.043
972,972,2015,Iran,4.75
973,973,2015,Iraq,4.493
974,974,2015,Ireland,6.83
975,975,2015,Israel,7.079
976,976,2015,Italy,5.848
977,977,2015,Ivory Coast,4.445
978,978,2015,Japan,5.88
979,979,2015,Jordan,5.405
980,980,2015,Kazakhstan,5.95
981,981,2015,Kenya,4.3580000000000005
982,982,2015,Kosovo,5.077
983,983,2015,Kuwait,6.146
984,984,2015,Kyrgyzstan,4.905
985,985,2015,Latvia,5.881
986,986,2015,Lebanon,5.172000000000001
987,987,2015,Liberia,2.702
988,988,2015,Libya,5.615
989,989,2015,Lithuania,5.711
990,990,2015,Luxembourg,6.702000000000001
991,991,2015,Madagascar,3.593
992,992,2015,Malawi,3.8680000000000003
993,993,2015,Malaysia,6.322
994,994,2015,Mali,4.582
995,995,2015,Malta,6.6129999999999995
996,996,2015,Mauritania,3.923
997,997,2015,Mexico,6.236000000000001
998,998,2015,Moldova,6.017
999,999,2015,Mongolia,4.9830000000000005
1000,1000,2015,Montenegro,5.125
1001,1001,2015,Morocco,5.162999999999999
1002,1002,2015,Mozambique,4.55
1003,1003,2015,Myanmar,4.224
1004,1004,2015,Nepal,4.812
1005,1005,2015,Netherlands,7.324
1006,1006,2015,New Zealand,7.417999999999999
1007,1007,2015,Nicaragua,5.9239999999999995
1008,1008,2015,Niger,3.6710000000000003
1009,1009,2015,Nigeria,4.933
1010,1010,2015,North Cyprus,5.843
1011,1011,2015,North Macedonia,4.976
1012,1012,2015,Norway,7.603
1013,1013,2015,Pakistan,4.823
1014,1014,2015,Palestinian Territories,4.695
1015,1015,2015,Panama,6.606
1016,1016,2015,Paraguay,5.56
1017,1017,2015,Peru,5.577000000000001
1018,1018,2015,Philippines,5.547000000000001
1019,1019,2015,Poland,6.007000000000001
1020,1020,2015,Portugal,5.081
1021,1021,2015,Qatar,6.375
1022,1022,2015,Romania,5.777
1023,1023,2015,Russia,5.996
1024,1024,2015,Rwanda,3.483
1025,1025,2015,Saudi Arabia,6.345
1026,1026,2015,Senegal,4.617
1027,1027,2015,Serbia,5.318
1028,1028,2015,Sierra Leone,4.909
1029,1029,2015,Singapore,6.62
1030,1030,2015,Slovakia,6.162000000000001
1031,1031,2015,Slovenia,5.7410000000000005
1032,1032,2015,Somalia,5.354
1033,1033,2015,South Africa,4.887
1034,1034,2015,South Korea,5.78
1035,1035,2015,South Sudan,4.071000000000001
1036,1036,2015,Spain,6.381
1037,1037,2015,Sri Lanka,4.612
1038,1038,2015,Sweden,7.289
1039,1039,2015,Switzerland,7.572
1040,1040,2015,Syria,3.4619999999999997
1041,1041,2015,Taiwan Province of China,6.45
1042,1042,2015,Tajikistan,5.124
1043,1043,2015,Tanzania,3.661
1044,1044,2015,Thailand,6.202000000000001
1045,1045,2015,Togo,3.7680000000000002
1046,1046,2015,Tunisia,5.132000000000001
1047,1047,2015,Turkey,5.513999999999999
1048,1048,2015,Turkmenistan,5.791
1049,1049,2015,Uganda,4.238
1050,1050,2015,Ukraine,3.965
1051,1051,2015,United Arab Emirates,6.568
1052,1052,2015,United Kingdom,6.515
1053,1053,2015,United States,6.864
1054,1054,2015,Uruguay,6.627999999999999
1055,1055,2015,Uzbekistan,5.972
1056,1056,2015,Venezuela,5.569
1057,1057,2015,Vietnam,5.0760000000000005
1058,1058,2015,Yemen,2.983
1059,1059,2015,Zambia,4.843
1060,1060,2015,Zimbabwe,3.7030000000000003
1061,1061,2016,Afghanistan,4.22
1062,1062,2016,Albania,4.511
1063,1063,2016,Algeria,5.341
1064,1064,2016,Argentina,6.4270000000000005
1065,1065,2016,Armenia,4.325
1066,1066,2016,Australia,7.25
1067,1067,2016,Austria,7.047999999999999
1068,1068,2016,Azerbaijan,5.303999999999999
1069,1069,2016,Bahrain,6.17
1070,1070,2016,Bangladesh,4.556
1071,1071,2016,Belarus,5.178
1072,1072,2016,Belgium,6.949
1073,1073,2016,Benin,4.007
1074,1074,2016,Bolivia,5.77
1075,1075,2016,Bosnia and Herzegovina,5.181
1076,1076,2016,Botswana,3.4989999999999997
1077,1077,2016,Brazil,6.375
1078,1078,2016,Bulgaria,4.838
1079,1079,2016,Burkina Faso,4.206
1080,1080,2016,Cambodia,4.461
1081,1081,2016,Cameroon,4.816
1082,1082,2016,Canada,7.245
1083,1083,2016,Central African Republic,2.693
1084,1084,2016,Chad,4.029
1085,1085,2016,Chile,6.579
1086,1086,2016,China,5.325
1087,1087,2016,Colombia,6.234
1088,1088,2016,Congo (Brazzaville),4.119
1089,1089,2016,Congo (Kinshasa),4.522
1090,1090,2016,Costa Rica,7.136
1091,1091,2016,Croatia,5.417000000000001
1092,1092,2016,Cyprus,5.795
1093,1093,2016,Czech Republic,6.736000000000001
1094,1094,2016,Denmark,7.558
1095,1095,2016,Dominican Republic,5.239
1096,1096,2016,Ecuador,6.115
1097,1097,2016,Egypt,4.5569999999999995
1098,1098,2016,El Salvador,6.14
1099,1099,2016,Estonia,5.65
1100,1100,2016,Ethiopia,4.298
1101,1101,2016,Finland,7.66
1102,1102,2016,France,6.475
1103,1103,2016,Gabon,4.832
1104,1104,2016,Georgia,4.448
1105,1105,2016,Germany,6.874
1106,1106,2016,Ghana,4.513999999999999
1107,1107,2016,Greece,5.303
1108,1108,2016,Guatemala,6.359
1109,1109,2016,Guinea,3.603
1110,1110,2016,Haiti,3.352
1111,1111,2016,Honduras,5.648
1112,1112,2016,Hong Kong S.A.R. of China,5.497999999999999
1113,1113,2016,Hungary,5.449
1114,1114,2016,Iceland,7.51
1115,1115,2016,India,4.178999999999999
1116,1116,2016,Indonesia,5.136
1117,1117,2016,Iran,4.6530000000000005
1118,1118,2016,Iraq,4.413
1119,1119,2016,Ireland,7.041
1120,1120,2016,Israel,7.159
1121,1121,2016,Italy,5.955
1122,1122,2016,Ivory Coast,4.543
1123,1123,2016,Japan,5.955
1124,1124,2016,Jordan,5.271
1125,1125,2016,Kazakhstan,5.534
1126,1126,2016,Kenya,4.396
1127,1127,2016,Kosovo,5.7589999999999995
1128,1128,2016,Kuwait,5.947
1129,1129,2016,Kyrgyzstan,4.857
1130,1130,2016,Latvia,5.94
1131,1131,2016,Lebanon,5.271
1132,1132,2016,Lesotho,3.8080000000000003
1133,1133,2016,Liberia,3.355
1134,1134,2016,Libya,5.434
1135,1135,2016,Lithuania,5.8660000000000005
1136,1136,2016,Luxembourg,6.9670000000000005
1137,1137,2016,Madagascar,3.6630000000000003
1138,1138,2016,Malawi,3.4760000000000004
1139,1139,2016,Mali,4.016
1140,1140,2016,Malta,6.591
1141,1141,2016,Mauritania,4.4719999999999995
1142,1142,2016,Mauritius,5.61
1143,1143,2016,Mexico,6.824
1144,1144,2016,Moldova,5.577999999999999
1145,1145,2016,Mongolia,5.0569999999999995
1146,1146,2016,Montenegro,5.303999999999999
1147,1147,2016,Morocco,5.386
1148,1148,2016,Myanmar,4.623
1149,1149,2016,Nepal,5.1
1150,1150,2016,Netherlands,7.541
1151,1151,2016,New Zealand,7.226
1152,1152,2016,Nicaragua,6.013
1153,1153,2016,Niger,4.235
1154,1154,2016,Nigeria,5.22
1155,1155,2016,North Cyprus,5.827000000000001
1156,1156,2016,North Macedonia,5.346
1157,1157,2016,Norway,7.596
1158,1158,2016,Pakistan,5.5489999999999995
1159,1159,2016,Palestinian Territories,4.907
1160,1160,2016,Panama,6.117999999999999
1161,1161,2016,Paraguay,5.801
1162,1162,2016,Peru,5.7010000000000005
1163,1163,2016,Philippines,5.431
1164,1164,2016,Poland,6.162000000000001
1165,1165,2016,Portugal,5.447
1166,1166,2016,Romania,5.968999999999999
1167,1167,2016,Russia,5.855
1168,1168,2016,Rwanda,3.333
1169,1169,2016,Saudi Arabia,6.474
1170,1170,2016,Senegal,4.595
1171,1171,2016,Serbia,5.752999999999999
1172,1172,2016,Sierra Leone,4.7330000000000005
1173,1173,2016,Singapore,6.0329999999999995
1174,1174,2016,Slovakia,5.992999999999999
1175,1175,2016,Slovenia,5.937
1176,1176,2016,Somalia,4.668
1177,1177,2016,South Africa,4.77
1178,1178,2016,South Korea,5.971
1179,1179,2016,South Sudan,2.888
1180,1180,2016,Spain,6.319
1181,1181,2016,Sweden,7.369
1182,1182,2016,Switzerland,7.459
1183,1183,2016,Taiwan Province of China,6.513
1184,1184,2016,Tajikistan,5.104
1185,1185,2016,Tanzania,2.903
1186,1186,2016,Thailand,6.074
1187,1187,2016,Togo,3.8789999999999996
1188,1188,2016,Tunisia,4.521
1189,1189,2016,Turkey,5.3260000000000005
1190,1190,2016,Turkmenistan,5.8870000000000005
1191,1191,2016,Uganda,4.2330000000000005
1192,1192,2016,Ukraine,4.029
1193,1193,2016,United Arab Emirates,6.831
1194,1194,2016,United Kingdom,6.824
1195,1195,2016,United States,6.803999999999999
1196,1196,2016,Uruguay,6.171
1197,1197,2016,Uzbekistan,5.893
1198,1198,2016,Venezuela,4.041
1199,1199,2016,Vietnam,5.062
1200,1200,2016,Yemen,3.826
1201,1201,2016,Zambia,4.348
1202,1202,2016,Zimbabwe,3.735
1203,1203,2017,Afghanistan,2.662
1204,1204,2017,Albania,4.64
1205,1205,2017,Algeria,5.249
1206,1206,2017,Argentina,6.039
1207,1207,2017,Armenia,4.288
1208,1208,2017,Australia,7.257000000000001
1209,1209,2017,Austria,7.294
1210,1210,2017,Azerbaijan,5.152
1211,1211,2017,Bahrain,6.227
1212,1212,2017,Bangladesh,4.31
1213,1213,2017,Belarus,5.553
1214,1214,2017,Belgium,6.928
1215,1215,2017,Benin,4.853
1216,1216,2017,Bolivia,5.651
1217,1217,2017,Bosnia and Herzegovina,5.09
1218,1218,2017,Botswana,3.505
1219,1219,2017,Brazil,6.332999999999999
1220,1220,2017,Bulgaria,5.0969999999999995
1221,1221,2017,Burkina Faso,4.647
1222,1222,2017,Cambodia,4.586
1223,1223,2017,Cameroon,5.074
1224,1224,2017,Canada,7.415
1225,1225,2017,Central African Republic,3.4760000000000004
1226,1226,2017,Chad,4.559
1227,1227,2017,Chile,6.32
1228,1228,2017,China,5.099
1229,1229,2017,Colombia,6.157
1230,1230,2017,Congo (Brazzaville),4.8839999999999995
1231,1231,2017,Congo (Kinshasa),4.311
1232,1232,2017,Costa Rica,7.225
1233,1233,2017,Croatia,5.343
1234,1234,2017,Cyprus,6.062
1235,1235,2017,Czech Republic,6.79
1236,1236,2017,Denmark,7.593999999999999
1237,1237,2017,Dominican Republic,5.605
1238,1238,2017,Ecuador,5.84
1239,1239,2017,Egypt,3.929
1240,1240,2017,El Salvador,6.3389999999999995
1241,1241,2017,Estonia,5.938
1242,1242,2017,Ethiopia,4.18
1243,1243,2017,Finland,7.787999999999999
1244,1244,2017,France,6.635
1245,1245,2017,Gabon,4.782
1246,1246,2017,Gambia,4.118
1247,1247,2017,Georgia,4.4510000000000005
1248,1248,2017,Germany,7.074
1249,1249,2017,Ghana,5.481
1250,1250,2017,Greece,5.148
1251,1251,2017,Guatemala,6.325
1252,1252,2017,Guinea,4.874
1253,1253,2017,Haiti,3.824
1254,1254,2017,Honduras,6.02
1255,1255,2017,Hong Kong S.A.R. of China,5.362
1256,1256,2017,Hungary,6.065
1257,1257,2017,Iceland,7.476
1258,1258,2017,India,4.046
1259,1259,2017,Indonesia,5.098
1260,1260,2017,Iran,4.717
1261,1261,2017,Iraq,4.462
1262,1262,2017,Ireland,7.06
1263,1263,2017,Israel,7.331
1264,1264,2017,Italy,6.199
1265,1265,2017,Ivory Coast,5.038
1266,1266,2017,Jamaica,5.89
1267,1267,2017,Japan,5.9110000000000005
1268,1268,2017,Jordan,4.808
1269,1269,2017,Kazakhstan,5.882000000000001
1270,1270,2017,Kenya,4.476
1271,1271,2017,Kosovo,6.149
1272,1272,2017,Kuwait,6.093999999999999
1273,1273,2017,Kyrgyzstan,5.63
1274,1274,2017,Laos,4.623
1275,1275,2017,Latvia,5.978
1276,1276,2017,Lebanon,5.154
1277,1277,2017,Lesotho,3.795
1278,1278,2017,Liberia,4.4239999999999995
1279,1279,2017,Libya,5.647
1280,1280,2017,Lithuania,6.273
1281,1281,2017,Luxembourg,7.061
1282,1282,2017,Madagascar,4.079
1283,1283,2017,Malawi,3.417
1284,1284,2017,Mali,4.742
1285,1285,2017,Malta,6.676
1286,1286,2017,Mauritania,4.678
1287,1287,2017,Mauritius,6.1739999999999995
1288,1288,2017,Mexico,6.41
1289,1289,2017,Moldova,5.3260000000000005
1290,1290,2017,Mongolia,5.334
1291,1291,2017,Montenegro,5.615
1292,1292,2017,Morocco,5.312
1293,1293,2017,Mozambique,4.28
1294,1294,2017,Myanmar,4.154
1295,1295,2017,Namibia,4.441
1296,1296,2017,Nepal,4.737
1297,1297,2017,Netherlands,7.459
1298,1298,2017,New Zealand,7.327000000000001
1299,1299,2017,Nicaragua,6.476
1300,1300,2017,Niger,4.6160000000000005
1301,1301,2017,Nigeria,5.322
1302,1302,2017,North Macedonia,5.234
1303,1303,2017,Norway,7.579
1304,1304,2017,Pakistan,5.831
1305,1305,2017,Palestinian Territories,4.628
1306,1306,2017,Panama,6.568
1307,1307,2017,Paraguay,5.712999999999999
1308,1308,2017,Peru,5.711
1309,1309,2017,Philippines,5.593999999999999
1310,1310,2017,Poland,6.2010000000000005
1311,1311,2017,Portugal,5.711
1312,1312,2017,Romania,6.09
1313,1313,2017,Russia,5.579
1314,1314,2017,Rwanda,3.108
1315,1315,2017,Saudi Arabia,6.294
1316,1316,2017,Senegal,4.683
1317,1317,2017,Serbia,5.122000000000001
1318,1318,2017,Sierra Leone,4.09
1319,1319,2017,Singapore,6.377999999999999
1320,1320,2017,Slovakia,6.3660000000000005
1321,1321,2017,Slovenia,6.167000000000001
1322,1322,2017,South Africa,4.513999999999999
1323,1323,2017,South Korea,5.874
1324,1324,2017,South Sudan,2.8169999999999997
1325,1325,2017,Spain,6.23
1326,1326,2017,Sri Lanka,4.331
1327,1327,2017,Sweden,7.287000000000001
1328,1328,2017,Switzerland,7.474
1329,1329,2017,Taiwan Province of China,6.359
1330,1330,2017,Tajikistan,5.829
1331,1331,2017,Tanzania,3.347
1332,1332,2017,Thailand,5.939
1333,1333,2017,Togo,4.361000000000001
1334,1334,2017,Trinidad and Tobago,6.192
1335,1335,2017,Tunisia,4.124
1336,1336,2017,Turkey,5.607
1337,1337,2017,Turkmenistan,5.229
1338,1338,2017,Uganda,4.001
1339,1339,2017,Ukraine,4.311
1340,1340,2017,United Arab Emirates,7.039
1341,1341,2017,United Kingdom,7.103
1342,1342,2017,United States,6.992000000000001
1343,1343,2017,Uruguay,6.336
1344,1344,2017,Uzbekistan,6.421
1345,1345,2017,Venezuela,5.071000000000001
1346,1346,2017,Vietnam,5.175
1347,1347,2017,Yemen,3.2539999999999996
1348,1348,2017,Zambia,3.9330000000000003
1349,1349,2017,Zimbabwe,3.638
1350,1350,2018,Afghanistan,2.694
1351,1351,2018,Albania,5.004
1352,1352,2018,Algeria,5.043
1353,1353,2018,Argentina,5.792999999999999
1354,1354,2018,Armenia,5.062
1355,1355,2018,Australia,7.1770000000000005
1356,1356,2018,Austria,7.396
1357,1357,2018,Azerbaijan,5.167999999999999
1358,1358,2018,Bangladesh,4.499
1359,1359,2018,Belarus,5.234
1360,1360,2018,Belgium,6.892
1361,1361,2018,Benin,5.82
1362,1362,2018,Bolivia,5.916
1363,1363,2018,Bosnia and Herzegovina,5.8870000000000005
1364,1364,2018,Botswana,3.4610000000000003
1365,1365,2018,Brazil,6.191
1366,1366,2018,Bulgaria,5.099
1367,1367,2018,Burkina Faso,4.927
1368,1368,2018,Burundi,3.775
1369,1369,2018,Cambodia,5.122000000000001
1370,1370,2018,Cameroon,5.251
1371,1371,2018,Canada,7.175
1372,1372,2018,Chad,4.486000000000001
1373,1373,2018,Chile,6.436
1374,1374,2018,China,5.131
1375,1375,2018,Colombia,5.984
1376,1376,2018,Comoros,3.9730000000000003
1377,1377,2018,Congo (Brazzaville),5.49
1378,1378,2018,Costa Rica,7.141
1379,1379,2018,Croatia,5.5360000000000005
1380,1380,2018,Cyprus,6.276
1381,1381,2018,Czech Republic,7.034
1382,1382,2018,Denmark,7.649
1383,1383,2018,Dominican Republic,5.433
1384,1384,2018,Ecuador,6.127999999999999
1385,1385,2018,Egypt,4.005
1386,1386,2018,El Salvador,6.2410000000000005
1387,1387,2018,Estonia,6.091
1388,1388,2018,Ethiopia,4.379
1389,1389,2018,Finland,7.858
1390,1390,2018,France,6.666
1391,1391,2018,Gabon,4.783
1392,1392,2018,Gambia,4.922
1393,1393,2018,Georgia,4.659
1394,1394,2018,Germany,7.117999999999999
1395,1395,2018,Ghana,5.004
1396,1396,2018,Greece,5.409
1397,1397,2018,Guatemala,6.627000000000001
1398,1398,2018,Guinea,5.252000000000001
1399,1399,2018,Haiti,3.615
1400,1400,2018,Honduras,5.9079999999999995
1401,1401,2018,Hungary,5.936
1402,1402,2018,India,3.818
1403,1403,2018,Indonesia,5.34
1404,1404,2018,Iran,4.2780000000000005
1405,1405,2018,Iraq,4.886
1406,1406,2018,Ireland,6.962000000000001
1407,1407,2018,Israel,6.9270000000000005
1408,1408,2018,Italy,6.517
1409,1409,2018,Ivory Coast,5.268
1410,1410,2018,Japan,5.794
1411,1411,2018,Jordan,4.638999999999999
1412,1412,2018,Kazakhstan,6.007999999999999
1413,1413,2018,Kenya,4.656000000000001
1414,1414,2018,Kosovo,6.392
1415,1415,2018,Kyrgyzstan,5.297000000000001
1416,1416,2018,Laos,4.859
1417,1417,2018,Latvia,5.901
1418,1418,2018,Lebanon,5.167000000000001
1419,1419,2018,Liberia,4.135
1420,1420,2018,Libya,5.494
1421,1421,2018,Lithuania,6.309
1422,1422,2018,Luxembourg,7.242999999999999
1423,1423,2018,Madagascar,4.071000000000001
1424,1424,2018,Malawi,3.335
1425,1425,2018,Malaysia,5.3389999999999995
1426,1426,2018,Maldives,5.1979999999999995
1427,1427,2018,Mali,4.416
1428,1428,2018,Malta,6.91
1429,1429,2018,Mauritania,4.314
1430,1430,2018,Mauritius,5.882000000000001
1431,1431,2018,Mexico,6.55
1432,1432,2018,Moldova,5.682
1433,1433,2018,Mongolia,5.465
1434,1434,2018,Montenegro,5.65
1435,1435,2018,Morocco,4.897
1436,1436,2018,Mozambique,4.654
1437,1437,2018,Myanmar,4.4110000000000005
1438,1438,2018,Namibia,4.834
1439,1439,2018,Nepal,4.91
1440,1440,2018,Netherlands,7.462999999999999
1441,1441,2018,New Zealand,7.37
1442,1442,2018,Nicaragua,5.819
1443,1443,2018,Niger,5.164
1444,1444,2018,Nigeria,5.252000000000001
1445,1445,2018,North Cyprus,5.608
1446,1446,2018,North Macedonia,5.24
1447,1447,2018,Norway,7.444
1448,1448,2018,Pakistan,5.472
1449,1449,2018,Palestinian Territories,4.553999999999999
1450,1450,2018,Panama,6.281000000000001
1451,1451,2018,Peru,5.68
1452,1452,2018,Philippines,5.869
1453,1453,2018,Poland,6.111000000000001
1454,1454,2018,Portugal,5.92
1455,1455,2018,Romania,6.151
1456,1456,2018,Russia,5.513999999999999
1457,1457,2018,Rwanda,3.5610000000000004
1458,1458,2018,Saudi Arabia,6.356
1459,1459,2018,Senegal,4.769
1460,1460,2018,Serbia,5.936
1461,1461,2018,Sierra Leone,4.306
1462,1462,2018,Singapore,6.375
1463,1463,2018,Slovakia,6.235
1464,1464,2018,Slovenia,6.249
1465,1465,2018,South Africa,4.8839999999999995
1466,1466,2018,South Korea,5.84
1467,1467,2018,Spain,6.513
1468,1468,2018,Sri Lanka,4.435
1469,1469,2018,Swaziland,4.212
1470,1470,2018,Sweden,7.375
1471,1471,2018,Switzerland,7.5089999999999995
1472,1472,2018,Taiwan Province of China,6.4670000000000005
1473,1473,2018,Tajikistan,5.497000000000001
1474,1474,2018,Tanzania,3.445
1475,1475,2018,Thailand,6.0120000000000005
1476,1476,2018,Togo,4.023
1477,1477,2018,Tunisia,4.7410000000000005
1478,1478,2018,Turkey,5.186
1479,1479,2018,Turkmenistan,4.621
1480,1480,2018,Uganda,4.322
1481,1481,2018,Ukraine,4.662
1482,1482,2018,United Arab Emirates,6.604
1483,1483,2018,United Kingdom,7.233
1484,1484,2018,United States,6.882999999999999
1485,1485,2018,Uruguay,6.372000000000001
1486,1486,2018,Uzbekistan,6.205
1487,1487,2018,Venezuela,5.006
1488,1488,2018,Vietnam,5.296
1489,1489,2018,Yemen,3.0580000000000003
1490,1490,2018,Zambia,4.041
1491,1491,2018,Zimbabwe,3.616
1492,1492,2019,Afghanistan,2.375
1493,1493,2019,Albania,4.995
1494,1494,2019,Algeria,4.745
1495,1495,2019,Argentina,6.086
1496,1496,2019,Armenia,5.4879999999999995
1497,1497,2019,Australia,7.234
1498,1498,2019,Austria,7.195
1499,1499,2019,Azerbaijan,5.172999999999999
1500,1500,2019,Bahrain,7.098
1501,1501,2019,Bangladesh,5.114
1502,1502,2019,Belarus,5.821000000000001
1503,1503,2019,Belgium,6.772
1504,1504,2019,Benin,4.976
1505,1505,2019,Bolivia,5.6739999999999995
1506,1506,2019,Bosnia and Herzegovina,6.016
1507,1507,2019,Botswana,3.471
1508,1508,2019,Brazil,6.4510000000000005
1509,1509,2019,Bulgaria,5.1080000000000005
1510,1510,2019,Burkina Faso,4.7410000000000005
1511,1511,2019,Cambodia,4.998
1512,1512,2019,Cameroon,4.937
1513,1513,2019,Canada,7.109
1514,1514,2019,Chad,4.251
1515,1515,2019,Chile,5.942
1516,1516,2019,China,5.144
1517,1517,2019,Colombia,6.35
1518,1518,2019,Comoros,4.609
1519,1519,2019,Congo (Brazzaville),5.212999999999999
1520,1520,2019,Costa Rica,6.997999999999999
1521,1521,2019,Croatia,5.626
1522,1522,2019,Cyprus,6.1370000000000005
1523,1523,2019,Denmark,7.693
1524,1524,2019,Dominican Republic,6.004
1525,1525,2019,Ecuador,5.809
1526,1526,2019,Egypt,4.328
1527,1527,2019,El Salvador,6.455
1528,1528,2019,Estonia,6.035
1529,1529,2019,Ethiopia,4.1
1530,1530,2019,Finland,7.78
1531,1531,2019,France,6.69
1532,1532,2019,Gabon,4.914
1533,1533,2019,Gambia,5.164
1534,1534,2019,Georgia,4.8919999999999995
1535,1535,2019,Germany,7.035
1536,1536,2019,Ghana,4.967
1537,1537,2019,Greece,5.952000000000001
1538,1538,2019,Guatemala,6.2620000000000005
1539,1539,2019,Guinea,4.768
1540,1540,2019,Honduras,5.93
1541,1541,2019,Hong Kong S.A.R. of China,5.659
1542,1542,2019,Hungary,6.0
1543,1543,2019,Iceland,7.5329999999999995
1544,1544,2019,India,3.2489999999999997
1545,1545,2019,Indonesia,5.347
1546,1546,2019,Iran,5.006
1547,1547,2019,Ireland,7.255
1548,1548,2019,Israel,7.332000000000001
1549,1549,2019,Italy,6.445
1550,1550,2019,Ivory Coast,5.392
1551,1551,2019,Jamaica,6.309
1552,1552,2019,Japan,5.9079999999999995
1553,1553,2019,Jordan,4.453
1554,1554,2019,Kazakhstan,6.272
1555,1555,2019,Kenya,4.619
1556,1556,2019,Kosovo,6.425
1557,1557,2019,Kuwait,6.106
1558,1558,2019,Kyrgyzstan,5.685
1559,1559,2019,Laos,5.197
1560,1560,2019,Latvia,5.97
1561,1561,2019,Lebanon,4.024
1562,1562,2019,Lesotho,3.512
1563,1563,2019,Liberia,5.121
1564,1564,2019,Libya,5.33
1565,1565,2019,Lithuania,6.064
1566,1566,2019,Luxembourg,7.404
1567,1567,2019,Madagascar,4.3389999999999995
1568,1568,2019,Malawi,3.8689999999999998
1569,1569,2019,Malaysia,5.428
1570,1570,2019,Mali,4.988
1571,1571,2019,Malta,6.733
1572,1572,2019,Mauritania,4.1530000000000005
1573,1573,2019,Mauritius,6.2410000000000005
1574,1574,2019,Mexico,6.432
1575,1575,2019,Moldova,5.803
1576,1576,2019,Mongolia,5.563
1577,1577,2019,Montenegro,5.386
1578,1578,2019,Morocco,5.0569999999999995
1579,1579,2019,Mozambique,4.9319999999999995
1580,1580,2019,Myanmar,4.434
1581,1581,2019,Namibia,4.436
1582,1582,2019,Nepal,5.449
1583,1583,2019,Netherlands,7.425
1584,1584,2019,New Zealand,7.205
1585,1585,2019,Nicaragua,6.1129999999999995
1586,1586,2019,Niger,5.004
1587,1587,2019,Nigeria,4.356
1588,1588,2019,North Cyprus,5.4670000000000005
1589,1589,2019,North Macedonia,5.015
1590,1590,2019,Norway,7.442
1591,1591,2019,Pakistan,4.4430000000000005
1592,1592,2019,Palestinian Territories,4.4830000000000005
1593,1593,2019,Panama,6.086
1594,1594,2019,Paraguay,5.653
1595,1595,2019,Peru,5.999
1596,1596,2019,Philippines,6.268
1597,1597,2019,Poland,6.242000000000001
1598,1598,2019,Portugal,6.095
1599,1599,2019,Romania,6.13
1600,1600,2019,Russia,5.441
1601,1601,2019,Rwanda,3.2680000000000002
1602,1602,2019,Saudi Arabia,6.561
1603,1603,2019,Senegal,5.489
1604,1604,2019,Serbia,6.2410000000000005
1605,1605,2019,Sierra Leone,3.447
1606,1606,2019,Singapore,6.377999999999999
1607,1607,2019,Slovakia,6.242999999999999
1608,1608,2019,Slovenia,6.665
1609,1609,2019,South Africa,5.035
1610,1610,2019,South Korea,5.903
1611,1611,2019,Spain,6.457000000000001
1612,1612,2019,Sri Lanka,4.213
1613,1613,2019,Swaziland,4.396
1614,1614,2019,Sweden,7.398
1615,1615,2019,Switzerland,7.694
1616,1616,2019,Taiwan Province of China,6.537000000000001
1617,1617,2019,Tajikistan,5.4639999999999995
1618,1618,2019,Tanzania,3.64
1619,1619,2019,Thailand,6.022
1620,1620,2019,Togo,4.178999999999999
1621,1621,2019,Tunisia,4.315
1622,1622,2019,Turkey,4.872
1623,1623,2019,Turkmenistan,5.474
1624,1624,2019,Uganda,4.948
1625,1625,2019,Ukraine,4.702
1626,1626,2019,United Arab Emirates,6.711
1627,1627,2019,United Kingdom,7.157
1628,1628,2019,United States,6.944
1629,1629,2019,Uruguay,6.6
1630,1630,2019,Uzbekistan,6.154
1631,1631,2019,Venezuela,5.081
1632,1632,2019,Vietnam,5.4670000000000005
1633,1633,2019,Yemen,4.197
1634,1634,2019,Zambia,3.307
1635,1635,2019,Zimbabwe,2.694
1636,1636,2020,Albania,5.365
1637,1637,2020,Argentina,5.901
1638,1638,2020,Australia,7.1370000000000005
1639,1639,2020,Austria,7.212999999999999
1640,1640,2020,Bahrain,6.172999999999999
1641,1641,2020,Bangladesh,5.28
1642,1642,2020,Belgium,6.8389999999999995
1643,1643,2020,Benin,4.408
1644,1644,2020,Bolivia,5.559
1645,1645,2020,Bosnia and Herzegovina,5.516
1646,1646,2020,Brazil,6.11
1647,1647,2020,Bulgaria,5.598
1648,1648,2020,Cambodia,4.377
1649,1649,2020,Cameroon,5.2410000000000005
1650,1650,2020,Canada,7.025
1651,1651,2020,Chile,6.151
1652,1652,2020,China,5.771
1653,1653,2020,Colombia,5.709
1654,1654,2020,Croatia,6.507999999999999
1655,1655,2020,Cyprus,6.26
1656,1656,2020,Czech Republic,6.897
1657,1657,2020,Denmark,7.515
1658,1658,2020,Dominican Republic,5.167999999999999
1659,1659,2020,Ecuador,5.354
1660,1660,2020,Egypt,4.4719999999999995
1661,1661,2020,El Salvador,5.462000000000001
1662,1662,2020,Estonia,6.452999999999999
1663,1663,2020,Ethiopia,4.5489999999999995
1664,1664,2020,Finland,7.888999999999999
1665,1665,2020,France,6.7139999999999995
1666,1666,2020,Georgia,5.122999999999999
1667,1667,2020,Germany,7.312
1668,1668,2020,Ghana,5.319
1669,1669,2020,Greece,5.787999999999999
1670,1670,2020,Hong Kong S.A.R. of China,5.295
1671,1671,2020,Hungary,6.037999999999999
1672,1672,2020,Iceland,7.575
1673,1673,2020,India,4.225
1674,1674,2020,Iran,4.865
1675,1675,2020,Iraq,4.785
1676,1676,2020,Ireland,7.035
1677,1677,2020,Israel,7.195
1678,1678,2020,Italy,6.4879999999999995
1679,1679,2020,Ivory Coast,5.257000000000001
1680,1680,2020,Japan,6.117999999999999
1681,1681,2020,Jordan,4.093999999999999
1682,1682,2020,Kazakhstan,6.167999999999999
1683,1683,2020,Kenya,4.547
1684,1684,2020,Kosovo,6.294
1685,1685,2020,Kyrgyzstan,6.25
1686,1686,2020,Laos,5.284
1687,1687,2020,Latvia,6.229
1688,1688,2020,Lithuania,6.391
1689,1689,2020,Malta,6.157
1690,1690,2020,Mauritius,6.015
1691,1691,2020,Mexico,5.9639999999999995
1692,1692,2020,Moldova,5.812
1693,1693,2020,Mongolia,6.011
1694,1694,2020,Montenegro,5.722
1695,1695,2020,Morocco,4.803
1696,1696,2020,Myanmar,4.431
1697,1697,2020,Namibia,4.4510000000000005
1698,1698,2020,Netherlands,7.504
1699,1699,2020,New Zealand,7.257000000000001
1700,1700,2020,Nigeria,5.502999999999999
1701,1701,2020,North Macedonia,5.053999999999999
1702,1702,2020,Norway,7.29
1703,1703,2020,Philippines,5.08
1704,1704,2020,Poland,6.138999999999999
1705,1705,2020,Portugal,5.768
1706,1706,2020,Russia,5.495
1707,1707,2020,Saudi Arabia,6.56
1708,1708,2020,Serbia,6.042000000000001
1709,1709,2020,Slovakia,6.519
1710,1710,2020,Slovenia,6.462000000000001
1711,1711,2020,South Africa,4.947
1712,1712,2020,South Korea,5.792999999999999
1713,1713,2020,Spain,6.502000000000001
1714,1714,2020,Sweden,7.314
1715,1715,2020,Switzerland,7.507999999999999
1716,1716,2020,Taiwan Province of China,6.751
1717,1717,2020,Tajikistan,5.372999999999999
1718,1718,2020,Tanzania,3.786
1719,1719,2020,Thailand,5.885
1720,1720,2020,Tunisia,4.731
1721,1721,2020,Turkey,4.862
1722,1722,2020,Uganda,4.641
1723,1723,2020,Ukraine,5.27
1724,1724,2020,United Arab Emirates,6.457999999999999
1725,1725,2020,United Kingdom,6.797999999999999
1726,1726,2020,United States,7.028
1727,1727,2020,Uruguay,6.31
1728,1728,2020,Venezuela,4.574
1729,1729,2020,Zambia,4.838
1730,1730,2020,Zimbabwe,3.16
